{"stats":{"minecraft:used":{"minecraft:oak_planks":1,"minecraft:wooden_pickaxe":1,"minecraft:white_terracotta":6,"minecraft:iron_sword":8,"minecraft:rotten_flesh":3,"minecraft:white_wool":3,"minecraft:dirt":30,"minecraft:terracotta":20,"minecraft:crafting_table":4,"minecraft:wooden_axe":32,"alexsmobs:maggot":1,"minecraft:apple":1,"minecraft:bread":2,"minecraft:iron_pickaxe":61,"minecraft:iron_helmet":1,"minecraft:wooden_sword":46,"minecraft:cobblestone":1,"minecraft:furnace":1,"minecraft:porkchop":8,"alexsmobs:animal_dictionary":2},"minecraft:killed":{"minecraft:pig":10,"minecraft:iron_golem":2,"minecraft:sheep":3,"minecraft:zombie":1,"alexsmobs:fly":1,"minecraft:cow":8},"minecraft:mined":{"minecraft:white_bed":2,"minecraft:orange_terracotta":6,"minecraft:dandelion":1,"minecraft:crafting_table":2,"minecraft:light_gray_terracotta":2,"minecraft:grass_block":13,"minecraft:tall_grass":13,"minecraft:cobblestone":1,"minecraft:oak_planks":1,"minecraft:sugar_cane":2,"minecraft:white_terracotta":6,"minecraft:red_terracotta":2,"minecraft:grass":66,"minecraft:oak_log":9,"minecraft:dirt":18,"minecraft:terracotta":20,"minecraft:stone":24,"minecraft:white_wool":3,"minecraft:oak_leaves":2,"minecraft:fern":3},"minecraft:custom":{"minecraft:interact_with_furnace":3,"minecraft:mob_kills":26,"minecraft:interact_with_crafting_table":5,"minecraft:leave_game":7,"minecraft:time_since_death":20674,"minecraft:climb_one_cm":584,"minecraft:time_since_rest":20704,"minecraft:sprint_one_cm":114187,"minecraft:damage_taken":1476,"minecraft:walk_one_cm":64891,"minecraft:drop":14,"minecraft:damage_dealt":3953,"minecraft:fly_one_cm":316814,"minecraft:open_chest":1,"minecraft:crouch_one_cm":800,"minecraft:play_time":128162,"minecraft:deaths":4,"minecraft:sneak_time":419,"minecraft:walk_under_water_one_cm":228,"minecraft:jump":1417,"minecraft:walk_on_water_one_cm":174,"minecraft:total_world_time":128162,"minecraft:fall_one_cm":45470},"minecraft:dropped":{"minecraft:iron_sword":1,"minecraft:porkchop":3,"minecraft:wheat_seeds":9,"alexsmobs:animal_dictionary":2,"minecraft:arrow":5},"minecraft:broken":{"minecraft:wooden_axe":1},"minecraft:crafted":{"minecraft:wooden_sword":1,"minecraft:oak_planks":36,"minecraft:crafting_table":2,"minecraft:wooden_pickaxe":1,"minecraft:furnace":1,"minecraft:stick":8,"minecraft:iron_pickaxe":1,"minecraft:wooden_axe":1},"minecraft:picked_up":{"minecraft:crafting_table":2,"minecraft:leather":8,"minecraft:oak_log":9,"minecraft:dirt":31,"minecraft:orange_terracotta":6,"minecraft:wheat_seeds":17,"minecraft:iron_ingot":7,"minecraft:beef":16,"minecraft:poppy":2,"minecraft:sugar_cane":6,"minecraft:iron_sword":1,"minecraft:oak_planks":1,"minecraft:dandelion":1,"minecraft:porkchop":22,"minecraft:white_bed":2,"minecraft:red_terracotta":2,"alexsmobs:animal_dictionary":3,"minecraft:light_gray_terracotta":2,"minecraft:rotten_flesh":5,"minecraft:arrow":5,"minecraft:white_terracotta":6,"minecraft:terracotta":20,"alexsmobs:maggot":2,"minecraft:black_wool":1,"minecraft:mutton":4,"minecraft:white_wool":5,"minecraft:cobblestone":25},"minecraft:killed_by":{"minecraft:spider":1,"minecraft:zombie":2}},"DataVersion":3120}