{"stats":{"minecraft:used":{"minecraft:dirt":18,"minecraft:porkchop":6,"alexsmobs:animal_dictionary":1},"minecraft:killed":{"minecraft:pig":4},"minecraft:mined":{"minecraft:grass":46,"minecraft:grass_block":7,"minecraft:dirt":12,"minecraft:tall_grass":6,"minecraft:fern":3},"minecraft:custom":{"minecraft:time_since_rest":37075,"minecraft:crouch_one_cm":275,"minecraft:sprint_one_cm":56587,"minecraft:play_time":92385,"minecraft:damage_taken":1020,"minecraft:deaths":3,"minecraft:walk_one_cm":23142,"minecraft:sneak_time":113,"minecraft:mob_kills":5,"minecraft:drop":13,"minecraft:jump":723,"minecraft:damage_dealt":526,"minecraft:leave_game":7,"minecraft:time_since_death":37047,"minecraft:climb_one_cm":584,"minecraft:total_world_time":92385,"minecraft:fall_one_cm":26680,"minecraft:fly_one_cm":184779},"minecraft:dropped":{"minecraft:porkchop":3,"minecraft:arrow":5,"minecraft:wheat_seeds":9,"alexsmobs:animal_dictionary":2},"minecraft:picked_up":{"minecraft:arrow":5,"minecraft:rotten_flesh":2,"minecraft:wheat_seeds":9,"minecraft:porkchop":9,"alexsmobs:animal_dictionary":2,"minecraft:dirt":19},"minecraft:killed_by":{"minecraft:spider":1,"minecraft:zombie":1}},"DataVersion":3120}