{"stats":{"minecraft:mined":{"minecraft:grass":8,"minecraft:fern":2},"minecraft:custom":{"minecraft:jump":67,"minecraft:time_since_rest":121,"minecraft:damage_dealt":4,"minecraft:deaths":1,"minecraft:sprint_one_cm":5024,"minecraft:leave_game":2,"minecraft:play_time":8412,"minecraft:damage_taken":250,"minecraft:time_since_death":0,"minecraft:walk_one_cm":1009,"minecraft:climb_one_cm":393,"minecraft:total_world_time":8412,"minecraft:fall_one_cm":2264,"minecraft:fly_one_cm":18948},"minecraft:killed_by":{"minecraft:zombie":1}},"DataVersion":3120}