{"stats":{"minecraft:mined":{"minecraft:grass":8,"minecraft:fern":2},"minecraft:custom":{"minecraft:jump":71,"minecraft:time_since_rest":723,"minecraft:damage_dealt":4,"minecraft:damage_taken":425,"minecraft:leave_game":3,"minecraft:play_time":9014,"minecraft:sprint_one_cm":5324,"minecraft:time_since_death":404,"minecraft:walk_one_cm":2317,"minecraft:deaths":1,"minecraft:total_world_time":9014,"minecraft:climb_one_cm":393,"minecraft:fly_one_cm":20759,"minecraft:fall_one_cm":2264},"minecraft:killed_by":{"minecraft:zombie":1}},"DataVersion":3120}