{"stats":{"minecraft:used":{"minecraft:porkchop":2},"minecraft:custom":{"minecraft:time_since_rest":8637,"minecraft:sprint_one_cm":17300,"minecraft:play_time":18331,"minecraft:deaths":2,"minecraft:damage_taken":720,"minecraft:walk_one_cm":9418,"minecraft:mob_kills":1,"minecraft:drop":4,"minecraft:jump":202,"minecraft:damage_dealt":114,"minecraft:leave_game":5,"minecraft:time_since_death":8606,"minecraft:climb_one_cm":393,"minecraft:total_world_time":18331,"minecraft:fall_one_cm":5896,"minecraft:fly_one_cm":51271},"minecraft:killed_by":{"minecraft:spider":1,"minecraft:zombie":1},"minecraft:mined":{"minecraft:grass":28,"minecraft:tall_grass":3,"minecraft:fern":2},"minecraft:dropped":{"minecraft:porkchop":3,"minecraft:wheat_seeds":1},"minecraft:picked_up":{"minecraft:rotten_flesh":2,"minecraft:wheat_seeds":2,"minecraft:porkchop":5},"minecraft:killed":{"minecraft:pig":1}},"DataVersion":3120}