{"stats":{"minecraft:used":{"alexsmobs:maggot":1,"minecraft:apple":1,"minecraft:bread":2,"minecraft:oak_planks":1,"minecraft:iron_helmet":1,"minecraft:iron_sword":8,"minecraft:dirt":25,"minecraft:crafting_table":1,"minecraft:porkchop":8,"alexsmobs:animal_dictionary":2},"minecraft:killed":{"minecraft:sheep":1,"minecraft:zombie":1,"minecraft:pig":6,"alexsmobs:fly":1},"minecraft:mined":{"minecraft:white_bed":2,"minecraft:grass":64,"minecraft:grass_block":11,"minecraft:oak_log":4,"minecraft:dirt":15,"minecraft:tall_grass":11,"minecraft:oak_planks":1,"minecraft:oak_leaves":2,"minecraft:fern":3},"minecraft:custom":{"minecraft:time_since_rest":8704,"minecraft:sprint_one_cm":93328,"minecraft:damage_taken":1416,"minecraft:walk_one_cm":48088,"minecraft:mob_kills":10,"minecraft:drop":14,"minecraft:damage_dealt":1050,"minecraft:interact_with_crafting_table":2,"minecraft:fly_one_cm":269673,"minecraft:open_chest":1,"minecraft:crouch_one_cm":679,"minecraft:play_time":116162,"minecraft:deaths":4,"minecraft:sneak_time":281,"minecraft:jump":1094,"minecraft:leave_game":7,"minecraft:time_since_death":8674,"minecraft:climb_one_cm":584,"minecraft:total_world_time":116162,"minecraft:fall_one_cm":35491},"minecraft:dropped":{"minecraft:iron_sword":1,"minecraft:porkchop":3,"minecraft:wheat_seeds":9,"alexsmobs:animal_dictionary":2,"minecraft:arrow":5},"minecraft:picked_up":{"minecraft:porkchop":16,"minecraft:oak_log":4,"minecraft:white_bed":2,"alexsmobs:animal_dictionary":3,"minecraft:dirt":26,"minecraft:arrow":5,"minecraft:rotten_flesh":5,"minecraft:wheat_seeds":16,"alexsmobs:maggot":2,"minecraft:mutton":1,"minecraft:oak_planks":1,"minecraft:iron_sword":1,"minecraft:white_wool":1},"minecraft:crafted":{"minecraft:oak_planks":16,"minecraft:crafting_table":1,"minecraft:stick":8,"minecraft:wooden_pickaxe":1,"minecraft:wooden_axe":1},"minecraft:killed_by":{"minecraft:spider":1,"minecraft:zombie":2}},"DataVersion":3120}