{"stats":{"minecraft:used":{"minecraft:iron_bars":2,"minecraft:white_terracotta":6,"minecraft:iron_sword":8,"minecraft:rotten_flesh":3,"minecraft:dirt":37,"minecraft:stone_stairs":1,"minecraft:dark_oak_planks":6,"minecraft:wooden_axe":60,"alexsmobs:maggot":1,"minecraft:oak_stairs":2,"minecraft:polished_deepslate_wall":1,"minecraft:iron_helmet":2,"dynamictrees:birch_seed":1,"minecraft:hay_block":4,"minecraft:furnace":2,"minecraft:mangrove_slab":1,"minecraft:cooked_beef":7,"minecraft:orange_terracotta":9,"minecraft:iron_leggings":1,"minecraft:calcite":2,"minecraft:birch_planks":64,"minecraft:oak_planks":1,"minecraft:leather_chestplate":2,"minecraft:wooden_pickaxe":33,"minecraft:white_wool":7,"minecraft:polished_deepslate_slab":2,"minecraft:terracotta":20,"minecraft:crafting_table":7,"minecraft:blast_furnace":1,"minecraft:light_gray_terracotta":4,"minecraft:white_bed":2,"minecraft:cake":2,"minecraft:black_wool":1,"minecraft:apple":3,"minecraft:bread":8,"minecraft:iron_pickaxe":107,"minecraft:wooden_sword":63,"minecraft:cobblestone":46,"minecraft:porkchop":8,"alexsmobs:animal_dictionary":3},"minecraft:killed":{"minecraft:spider":1,"minecraft:skeleton":6,"minecraft:pig":10,"minecraft:iron_golem":2,"minecraft:sheep":4,"minecraft:zombie":3,"alexsmobs:fly":1,"minecraft:cow":9},"minecraft:custom":{"minecraft:mob_kills":39,"minecraft:interact_with_crafting_table":15,"minecraft:open_barrel":18,"minecraft:eat_cake_slice":5,"minecraft:leave_game":9,"minecraft:time_since_death":9900,"minecraft:climb_one_cm":1278,"minecraft:sprint_one_cm":309066,"minecraft:walk_one_cm":166686,"minecraft:drop":29,"minecraft:play_noteblock":3,"minecraft:talked_to_villager":1,"minecraft:play_time":190832,"minecraft:deaths":12,"minecraft:sneak_time":2881,"minecraft:walk_under_water_one_cm":862,"minecraft:boat_one_cm":62595,"minecraft:jump":2901,"minecraft:interact_with_blast_furnace":3,"minecraft:walk_on_water_one_cm":3443,"minecraft:total_world_time":190832,"minecraft:interact_with_furnace":5,"minecraft:tune_noteblock":39,"minecraft:sleep_in_bed":3,"minecraft:time_since_rest":4983,"minecraft:damage_taken":4579,"minecraft:damage_dealt":6175,"minecraft:swim_one_cm":12400,"minecraft:fly_one_cm":624310,"minecraft:open_chest":13,"minecraft:crouch_one_cm":7480,"minecraft:fall_one_cm":91455},"minecraft:mined":{"minecraft:dark_oak_planks":1,"minecraft:white_bed":2,"minecraft:grass_block":15,"minecraft:spawner":2,"minecraft:hay_block":6,"minecraft:furnace":1,"minecraft:fire":17,"minecraft:polished_deepslate_slab":1,"minecraft:oak_stairs":2,"minecraft:iron_bars":1,"minecraft:stone":53,"minecraft:white_wool":6,"minecraft:orange_terracotta":9,"minecraft:dandelion":2,"minecraft:crafting_table":5,"minecraft:light_gray_terracotta":4,"minecraft:calcite":1,"minecraft:tall_grass":14,"minecraft:cobblestone":1,"minecraft:sugar_cane":5,"minecraft:oak_planks":2,"minecraft:white_terracotta":6,"minecraft:stone_stairs":1,"minecraft:birch_planks":11,"minecraft:red_terracotta":2,"minecraft:birch_door":1,"dynamictrees:birch_leaves":8,"minecraft:grass":75,"minecraft:mangrove_slab":1,"minecraft:oak_log":12,"minecraft:coal_ore":12,"minecraft:cyan_carpet":7,"minecraft:dirt":23,"minecraft:terracotta":20,"minecraft:oak_leaves":2,"minecraft:fern":3},"minecraft:dropped":{"minecraft:iron_sword":1,"minecraft:porkchop":3,"minecraft:wheat_seeds":9,"minecraft:cooked_beef":6,"minecraft:feather":8,"minecraft:stick":1,"minecraft:potion":1,"minecraft:iron_leggings":1,"minecraft:iron_pickaxe":1,"minecraft:sugar_cane":8,"alexsmobs:animal_dictionary":2,"minecraft:chicken":4,"minecraft:white_bed":1,"minecraft:carrot":4,"minecraft:arrow":5},"minecraft:broken":{"minecraft:wooden_pickaxe":1,"minecraft:wooden_sword":1,"minecraft:wooden_axe":2},"minecraft:crafted":{"minecraft:wooden_sword":1,"minecraft:oak_planks":48,"minecraft:furnace":1,"minecraft:iron_axe":1,"minecraft:wheat":9,"minecraft:cooked_beef":16,"minecraft:crafting_table":2,"minecraft:wooden_pickaxe":1,"minecraft:iron_helmet":1,"minecraft:birch_planks":36,"minecraft:bread":3,"minecraft:shield":1,"minecraft:stick":32,"minecraft:iron_pickaxe":2,"minecraft:wooden_axe":2,"minecraft:torch":24},"minecraft:picked_up":{"minecraft:wooden_axe":1,"minecraft:birch_door":2,"minecraft:crafting_table":5,"minecraft:chicken":4,"minecraft:wooden_pickaxe":6,"minecraft:oak_stairs":2,"minecraft:potion":1,"minecraft:polished_deepslate_wall":1,"minecraft:string":1,"minecraft:stone_stairs":1,"minecraft:iron_leggings":2,"minecraft:armor_stand":2,"minecraft:cyan_carpet":14,"minecraft:beetroot":27,"minecraft:beef":17,"minecraft:oak_boat":1,"minecraft:calcite":3,"minecraft:poppy":2,"minecraft:sugar_cane":23,"minecraft:furnace":1,"minecraft:stick":106,"minecraft:polished_deepslate_slab":4,"minecraft:porkchop":22,"minecraft:carrot":4,"minecraft:dark_oak_planks":6,"minecraft:arrow":21,"minecraft:rotten_flesh":13,"minecraft:hay_block":7,"minecraft:white_terracotta":6,"minecraft:mutton":5,"minecraft:iron_bars":2,"minecraft:cobblestone":54,"minecraft:white_wool":7,"minecraft:birch_log":15,"minecraft:leather_chestplate":1,"minecraft:feather":8,"minecraft:leather":32,"minecraft:birch_planks":158,"minecraft:oak_log":12,"minecraft:dirt":39,"minecraft:mangrove_slab":1,"minecraft:orange_terracotta":10,"minecraft:bone":15,"minecraft:apple":4,"minecraft:wheat_seeds":27,"dynamictrees:birch_seed":47,"minecraft:iron_ingot":56,"minecraft:oak_planks":7,"minecraft:iron_sword":1,"minecraft:dandelion":13,"minecraft:amethyst_shard":7,"minecraft:blast_furnace":1,"minecraft:white_bed":3,"alexsmobs:animal_dictionary":4,"minecraft:red_terracotta":2,"minecraft:spider_eye":1,"minecraft:light_gray_terracotta":6,"minecraft:iron_helmet":2,"minecraft:bread":1,"alexsmobs:maggot":2,"minecraft:terracotta":20,"minecraft:black_wool":1,"minecraft:coal":18},"minecraft:killed_by":{"minecraft:spider":2,"minecraft:skeleton":5,"minecraft:zombie":2}},"DataVersion":3120}