{"stats":{"minecraft:used":{"minecraft:calcite":1,"minecraft:birch_planks":47,"minecraft:oak_planks":1,"minecraft:leather_chestplate":2,"minecraft:wooden_pickaxe":14,"minecraft:white_terracotta":6,"minecraft:iron_sword":8,"minecraft:rotten_flesh":3,"minecraft:white_wool":7,"minecraft:dirt":37,"minecraft:terracotta":20,"minecraft:light_gray_terracotta":4,"minecraft:crafting_table":7,"minecraft:stone_stairs":1,"minecraft:white_bed":2,"minecraft:cake":1,"minecraft:wooden_axe":32,"alexsmobs:maggot":1,"minecraft:black_wool":1,"minecraft:apple":1,"minecraft:oak_stairs":2,"minecraft:bread":6,"minecraft:iron_pickaxe":107,"minecraft:iron_helmet":1,"dynamictrees:birch_seed":1,"minecraft:wooden_sword":63,"minecraft:cobblestone":41,"minecraft:hay_block":2,"minecraft:mangrove_slab":1,"minecraft:furnace":2,"minecraft:porkchop":8,"alexsmobs:animal_dictionary":3,"minecraft:cooked_beef":7,"minecraft:iron_leggings":1,"minecraft:orange_terracotta":9},"minecraft:killed":{"minecraft:pig":10,"minecraft:spider":1,"minecraft:iron_golem":2,"minecraft:sheep":4,"minecraft:skeleton":1,"minecraft:zombie":2,"alexsmobs:fly":1,"minecraft:cow":9},"minecraft:mined":{"minecraft:white_bed":2,"minecraft:orange_terracotta":9,"minecraft:dandelion":2,"minecraft:crafting_table":5,"minecraft:light_gray_terracotta":4,"minecraft:grass_block":15,"minecraft:tall_grass":14,"minecraft:cobblestone":1,"minecraft:oak_planks":2,"minecraft:sugar_cane":5,"minecraft:spawner":1,"minecraft:birch_planks":6,"minecraft:hay_block":3,"minecraft:stone_stairs":1,"minecraft:white_terracotta":6,"minecraft:red_terracotta":2,"minecraft:furnace":1,"minecraft:fire":17,"dynamictrees:birch_leaves":8,"minecraft:grass":75,"minecraft:mangrove_slab":1,"minecraft:coal_ore":11,"minecraft:oak_log":12,"minecraft:oak_stairs":2,"minecraft:dirt":23,"minecraft:terracotta":20,"minecraft:stone":48,"minecraft:white_wool":6,"minecraft:oak_leaves":2,"minecraft:fern":3},"minecraft:custom":{"minecraft:interact_with_furnace":4,"minecraft:mob_kills":33,"minecraft:interact_with_crafting_table":10,"minecraft:open_barrel":15,"minecraft:eat_cake_slice":2,"minecraft:leave_game":7,"minecraft:time_since_death":8039,"minecraft:sleep_in_bed":2,"minecraft:climb_one_cm":584,"minecraft:time_since_rest":8068,"minecraft:sprint_one_cm":238090,"minecraft:damage_taken":3006,"minecraft:walk_one_cm":130320,"minecraft:drop":29,"minecraft:damage_dealt":4821,"minecraft:swim_one_cm":12400,"minecraft:talked_to_villager":1,"minecraft:fly_one_cm":513539,"minecraft:open_chest":6,"minecraft:crouch_one_cm":6315,"minecraft:play_time":164162,"minecraft:deaths":8,"minecraft:sneak_time":2154,"minecraft:walk_under_water_one_cm":862,"minecraft:boat_one_cm":62595,"minecraft:jump":2452,"minecraft:interact_with_blast_furnace":3,"minecraft:walk_on_water_one_cm":2804,"minecraft:total_world_time":164162,"minecraft:fall_one_cm":76304},"minecraft:dropped":{"minecraft:iron_sword":1,"minecraft:sugar_cane":8,"minecraft:porkchop":3,"minecraft:wheat_seeds":9,"minecraft:cooked_beef":6,"alexsmobs:animal_dictionary":2,"minecraft:chicken":4,"minecraft:feather":8,"minecraft:white_bed":1,"minecraft:carrot":4,"minecraft:stick":1,"minecraft:potion":1,"minecraft:iron_leggings":1,"minecraft:arrow":5,"minecraft:iron_pickaxe":1},"minecraft:broken":{"minecraft:wooden_sword":1,"minecraft:wooden_axe":1},"minecraft:crafted":{"minecraft:cooked_beef":16,"minecraft:wooden_sword":1,"minecraft:oak_planks":48,"minecraft:crafting_table":2,"minecraft:wooden_pickaxe":1,"minecraft:furnace":1,"minecraft:birch_planks":12,"minecraft:shield":1,"minecraft:stick":32,"minecraft:iron_pickaxe":2,"minecraft:wooden_axe":1,"minecraft:torch":24},"minecraft:picked_up":{"minecraft:birch_log":3,"minecraft:leather_chestplate":1,"minecraft:crafting_table":5,"minecraft:feather":8,"minecraft:chicken":4,"minecraft:leather":8,"minecraft:wooden_pickaxe":2,"minecraft:oak_stairs":2,"minecraft:birch_planks":5,"minecraft:potion":1,"minecraft:oak_log":12,"minecraft:string":1,"minecraft:mangrove_slab":1,"minecraft:dirt":39,"minecraft:stone_stairs":1,"minecraft:orange_terracotta":10,"minecraft:iron_leggings":2,"minecraft:armor_stand":2,"minecraft:wheat_seeds":22,"dynamictrees:birch_seed":2,"minecraft:oak_boat":1,"minecraft:iron_ingot":7,"minecraft:beef":17,"minecraft:calcite":2,"minecraft:poppy":2,"minecraft:sugar_cane":23,"minecraft:iron_sword":1,"minecraft:oak_planks":7,"minecraft:furnace":1,"minecraft:stick":18,"minecraft:dandelion":3,"minecraft:porkchop":22,"minecraft:carrot":4,"minecraft:white_bed":3,"minecraft:spider_eye":1,"minecraft:red_terracotta":2,"alexsmobs:animal_dictionary":4,"minecraft:light_gray_terracotta":6,"minecraft:rotten_flesh":7,"minecraft:arrow":5,"minecraft:hay_block":3,"minecraft:white_terracotta":6,"minecraft:terracotta":20,"alexsmobs:maggot":2,"minecraft:black_wool":1,"minecraft:mutton":5,"minecraft:coal":11,"minecraft:white_wool":7,"minecraft:cobblestone":49},"minecraft:killed_by":{"minecraft:skeleton":3,"minecraft:spider":2,"minecraft:zombie":2}},"DataVersion":3120}