{"stats":{"minecraft:used":{"minecraft:dirt":21,"minecraft:porkchop":7,"alexsmobs:animal_dictionary":1},"minecraft:killed":{"minecraft:pig":5},"minecraft:mined":{"minecraft:grass":50,"minecraft:grass_block":8,"minecraft:dirt":13,"minecraft:tall_grass":10,"minecraft:fern":3},"minecraft:custom":{"minecraft:time_since_rest":48852,"minecraft:crouch_one_cm":275,"minecraft:play_time":104162,"minecraft:sprint_one_cm":58995,"minecraft:damage_taken":1020,"minecraft:walk_one_cm":23924,"minecraft:deaths":3,"minecraft:sneak_time":113,"minecraft:mob_kills":6,"minecraft:drop":13,"minecraft:jump":767,"minecraft:damage_dealt":626,"minecraft:leave_game":7,"minecraft:time_since_death":48824,"minecraft:total_world_time":104162,"minecraft:climb_one_cm":584,"minecraft:fly_one_cm":194741,"minecraft:fall_one_cm":27992},"minecraft:dropped":{"minecraft:porkchop":3,"minecraft:arrow":5,"minecraft:wheat_seeds":9,"alexsmobs:animal_dictionary":2},"minecraft:picked_up":{"minecraft:arrow":5,"minecraft:rotten_flesh":2,"minecraft:wheat_seeds":9,"minecraft:porkchop":10,"minecraft:dirt":21,"alexsmobs:animal_dictionary":2},"minecraft:killed_by":{"minecraft:spider":1,"minecraft:zombie":1}},"DataVersion":3120}