{"stats":{"minecraft:used":{"minecraft:oak_planks":1,"minecraft:wooden_pickaxe":2,"minecraft:white_terracotta":6,"minecraft:iron_sword":8,"minecraft:rotten_flesh":3,"minecraft:white_wool":3,"minecraft:dirt":30,"minecraft:terracotta":20,"minecraft:crafting_table":5,"minecraft:white_bed":1,"minecraft:wooden_axe":32,"alexsmobs:maggot":1,"minecraft:apple":1,"minecraft:oak_stairs":2,"minecraft:bread":2,"minecraft:iron_pickaxe":64,"minecraft:iron_helmet":1,"minecraft:wooden_sword":57,"minecraft:cobblestone":9,"minecraft:furnace":1,"minecraft:porkchop":8,"alexsmobs:animal_dictionary":2,"minecraft:cooked_beef":6},"minecraft:killed":{"minecraft:pig":10,"minecraft:iron_golem":2,"minecraft:sheep":4,"minecraft:zombie":2,"alexsmobs:fly":1,"minecraft:cow":9},"minecraft:mined":{"minecraft:white_bed":2,"minecraft:orange_terracotta":6,"minecraft:dandelion":1,"minecraft:crafting_table":5,"minecraft:light_gray_terracotta":2,"minecraft:grass_block":13,"minecraft:tall_grass":14,"minecraft:cobblestone":1,"minecraft:oak_planks":2,"minecraft:sugar_cane":5,"minecraft:white_terracotta":6,"minecraft:red_terracotta":2,"minecraft:furnace":1,"minecraft:fire":9,"dynamictrees:birch_leaves":3,"minecraft:grass":70,"minecraft:oak_log":12,"minecraft:oak_stairs":2,"minecraft:dirt":18,"minecraft:terracotta":20,"minecraft:stone":24,"minecraft:white_wool":3,"minecraft:oak_leaves":2,"minecraft:fern":3},"minecraft:custom":{"minecraft:interact_with_furnace":3,"minecraft:mob_kills":30,"minecraft:interact_with_crafting_table":9,"minecraft:leave_game":7,"minecraft:time_since_death":32674,"minecraft:sleep_in_bed":1,"minecraft:climb_one_cm":584,"minecraft:time_since_rest":10960,"minecraft:sprint_one_cm":147727,"minecraft:damage_taken":1741,"minecraft:walk_one_cm":78005,"minecraft:drop":23,"minecraft:damage_dealt":4321,"minecraft:swim_one_cm":12400,"minecraft:talked_to_villager":1,"minecraft:fly_one_cm":404860,"minecraft:open_chest":2,"minecraft:crouch_one_cm":968,"minecraft:play_time":140162,"minecraft:deaths":4,"minecraft:sneak_time":559,"minecraft:walk_under_water_one_cm":862,"minecraft:boat_one_cm":62595,"minecraft:jump":1804,"minecraft:walk_on_water_one_cm":2718,"minecraft:total_world_time":140162,"minecraft:fall_one_cm":57449},"minecraft:dropped":{"minecraft:iron_sword":1,"minecraft:porkchop":3,"minecraft:wheat_seeds":9,"minecraft:cooked_beef":6,"alexsmobs:animal_dictionary":2,"minecraft:white_bed":1,"minecraft:stick":1,"minecraft:arrow":5,"minecraft:iron_pickaxe":1},"minecraft:broken":{"minecraft:wooden_axe":1},"minecraft:picked_up":{"minecraft:crafting_table":5,"minecraft:leather":8,"minecraft:oak_stairs":2,"minecraft:oak_log":12,"minecraft:dirt":31,"minecraft:orange_terracotta":6,"minecraft:wheat_seeds":19,"minecraft:oak_boat":1,"minecraft:iron_ingot":7,"minecraft:beef":17,"minecraft:poppy":2,"minecraft:sugar_cane":15,"minecraft:iron_sword":1,"minecraft:oak_planks":7,"minecraft:furnace":1,"minecraft:dandelion":1,"minecraft:porkchop":22,"minecraft:white_bed":3,"minecraft:red_terracotta":2,"alexsmobs:animal_dictionary":3,"minecraft:light_gray_terracotta":2,"minecraft:rotten_flesh":7,"minecraft:arrow":5,"minecraft:white_terracotta":6,"minecraft:terracotta":20,"alexsmobs:maggot":2,"minecraft:black_wool":1,"minecraft:mutton":5,"minecraft:white_wool":6,"minecraft:cobblestone":25},"minecraft:crafted":{"minecraft:cooked_beef":16,"minecraft:wooden_sword":1,"minecraft:oak_planks":48,"minecraft:crafting_table":2,"minecraft:wooden_pickaxe":1,"minecraft:furnace":1,"minecraft:shield":1,"minecraft:stick":32,"minecraft:iron_pickaxe":2,"minecraft:wooden_axe":1},"minecraft:killed_by":{"minecraft:spider":1,"minecraft:zombie":2}},"DataVersion":3120}