{"stats":{"minecraft:used":{"minecraft:dirt":4,"minecraft:porkchop":3},"minecraft:killed":{"minecraft:pig":2},"minecraft:mined":{"minecraft:grass":35,"minecraft:grass_block":2,"minecraft:dirt":2,"minecraft:tall_grass":3,"minecraft:fern":3},"minecraft:custom":{"minecraft:time_since_rest":24951,"minecraft:crouch_one_cm":113,"minecraft:sprint_one_cm":22935,"minecraft:play_time":34645,"minecraft:damage_taken":720,"minecraft:deaths":2,"minecraft:walk_one_cm":13382,"minecraft:sneak_time":62,"minecraft:mob_kills":2,"minecraft:drop":4,"minecraft:jump":266,"minecraft:damage_dealt":313,"minecraft:leave_game":6,"minecraft:time_since_death":24920,"minecraft:climb_one_cm":393,"minecraft:total_world_time":34645,"minecraft:fall_one_cm":8195,"minecraft:fly_one_cm":67474},"minecraft:dropped":{"minecraft:porkchop":3,"minecraft:wheat_seeds":1},"minecraft:picked_up":{"minecraft:rotten_flesh":2,"minecraft:wheat_seeds":3,"minecraft:porkchop":6,"minecraft:dirt":4},"minecraft:killed_by":{"minecraft:spider":1,"minecraft:zombie":1}},"DataVersion":3120}