{"stats":{"minecraft:used":{"minecraft:dirt":8,"minecraft:porkchop":4},"minecraft:killed":{"minecraft:pig":3},"minecraft:mined":{"minecraft:grass":37,"minecraft:grass_block":3,"minecraft:dirt":5,"minecraft:tall_grass":5,"minecraft:fern":3},"minecraft:custom":{"minecraft:time_since_rest":36951,"minecraft:crouch_one_cm":275,"minecraft:sprint_one_cm":26008,"minecraft:play_time":46645,"minecraft:damage_taken":730,"minecraft:deaths":2,"minecraft:walk_one_cm":17261,"minecraft:sneak_time":98,"minecraft:mob_kills":4,"minecraft:drop":5,"minecraft:jump":306,"minecraft:damage_dealt":417,"minecraft:leave_game":6,"minecraft:time_since_death":36920,"minecraft:climb_one_cm":393,"minecraft:total_world_time":46645,"minecraft:fall_one_cm":8739,"minecraft:fly_one_cm":76104},"minecraft:dropped":{"minecraft:porkchop":3,"minecraft:arrow":1,"minecraft:wheat_seeds":1},"minecraft:picked_up":{"minecraft:arrow":2,"minecraft:rotten_flesh":2,"minecraft:wheat_seeds":5,"minecraft:porkchop":7,"minecraft:dirt":8},"minecraft:killed_by":{"minecraft:spider":1,"minecraft:zombie":1}},"DataVersion":3120}