{"stats":{"minecraft:used":{"minecraft:dirt":1,"minecraft:porkchop":2},"minecraft:killed":{"minecraft:pig":1},"minecraft:mined":{"minecraft:grass":29,"minecraft:grass_block":1,"minecraft:dirt":2,"minecraft:tall_grass":3,"minecraft:fern":2},"minecraft:custom":{"minecraft:time_since_rest":12951,"minecraft:crouch_one_cm":34,"minecraft:sprint_one_cm":18723,"minecraft:play_time":22645,"minecraft:damage_taken":720,"minecraft:deaths":2,"minecraft:walk_one_cm":9940,"minecraft:sneak_time":27,"minecraft:mob_kills":1,"minecraft:drop":4,"minecraft:jump":220,"minecraft:damage_dealt":114,"minecraft:leave_game":6,"minecraft:time_since_death":12920,"minecraft:climb_one_cm":393,"minecraft:total_world_time":22645,"minecraft:fall_one_cm":6314,"minecraft:fly_one_cm":57513},"minecraft:dropped":{"minecraft:porkchop":3,"minecraft:wheat_seeds":1},"minecraft:picked_up":{"minecraft:rotten_flesh":2,"minecraft:wheat_seeds":2,"minecraft:porkchop":5,"minecraft:dirt":3},"minecraft:killed_by":{"minecraft:spider":1,"minecraft:zombie":1}},"DataVersion":3120}