{"stats":{"minecraft:used":{"minecraft:calcite":1,"minecraft:oak_planks":1,"minecraft:leather_chestplate":1,"minecraft:wooden_pickaxe":2,"minecraft:white_terracotta":6,"minecraft:iron_sword":8,"minecraft:rotten_flesh":3,"minecraft:white_wool":7,"minecraft:dirt":37,"minecraft:terracotta":20,"minecraft:crafting_table":7,"minecraft:stone_stairs":1,"minecraft:white_bed":2,"minecraft:cake":1,"minecraft:wooden_axe":32,"alexsmobs:maggot":1,"minecraft:black_wool":1,"minecraft:apple":1,"minecraft:oak_stairs":2,"minecraft:bread":2,"minecraft:iron_pickaxe":107,"minecraft:iron_helmet":1,"minecraft:wooden_sword":63,"minecraft:cobblestone":41,"minecraft:hay_block":2,"minecraft:mangrove_slab":1,"minecraft:furnace":2,"minecraft:porkchop":8,"alexsmobs:animal_dictionary":2,"minecraft:cooked_beef":7,"minecraft:iron_leggings":1,"minecraft:orange_terracotta":7},"minecraft:killed":{"minecraft:pig":10,"minecraft:iron_golem":2,"minecraft:sheep":4,"minecraft:skeleton":1,"minecraft:zombie":2,"alexsmobs:fly":1,"minecraft:cow":9},"minecraft:mined":{"minecraft:white_bed":2,"minecraft:orange_terracotta":8,"minecraft:dandelion":1,"minecraft:crafting_table":5,"minecraft:light_gray_terracotta":2,"minecraft:grass_block":15,"minecraft:tall_grass":14,"minecraft:cobblestone":1,"minecraft:oak_planks":2,"minecraft:sugar_cane":5,"minecraft:spawner":1,"minecraft:hay_block":3,"minecraft:stone_stairs":1,"minecraft:white_terracotta":6,"minecraft:red_terracotta":2,"minecraft:furnace":1,"minecraft:fire":17,"dynamictrees:birch_leaves":8,"minecraft:grass":73,"minecraft:mangrove_slab":1,"minecraft:coal_ore":11,"minecraft:oak_log":12,"minecraft:oak_stairs":2,"minecraft:dirt":23,"minecraft:terracotta":20,"minecraft:stone":48,"minecraft:white_wool":6,"minecraft:oak_leaves":2,"minecraft:fern":3},"minecraft:custom":{"minecraft:interact_with_furnace":4,"minecraft:mob_kills":32,"minecraft:interact_with_crafting_table":10,"minecraft:open_barrel":12,"minecraft:eat_cake_slice":2,"minecraft:leave_game":7,"minecraft:time_since_death":52,"minecraft:sleep_in_bed":2,"minecraft:climb_one_cm":584,"minecraft:time_since_rest":88,"minecraft:sprint_one_cm":194811,"minecraft:damage_taken":2304,"minecraft:walk_one_cm":104629,"minecraft:drop":24,"minecraft:damage_dealt":4533,"minecraft:swim_one_cm":12400,"minecraft:talked_to_villager":1,"minecraft:fly_one_cm":447888,"minecraft:open_chest":5,"minecraft:crouch_one_cm":2909,"minecraft:play_time":152162,"minecraft:deaths":6,"minecraft:sneak_time":1195,"minecraft:walk_under_water_one_cm":862,"minecraft:boat_one_cm":62595,"minecraft:jump":2112,"minecraft:interact_with_blast_furnace":3,"minecraft:walk_on_water_one_cm":2804,"minecraft:total_world_time":152162,"minecraft:fall_one_cm":65849},"minecraft:dropped":{"minecraft:iron_sword":1,"minecraft:porkchop":3,"minecraft:wheat_seeds":9,"minecraft:cooked_beef":6,"alexsmobs:animal_dictionary":2,"minecraft:white_bed":1,"minecraft:stick":1,"minecraft:potion":1,"minecraft:arrow":5,"minecraft:iron_pickaxe":1},"minecraft:broken":{"minecraft:wooden_sword":1,"minecraft:wooden_axe":1},"minecraft:picked_up":{"minecraft:crafting_table":5,"minecraft:leather":8,"minecraft:oak_stairs":2,"minecraft:oak_log":12,"minecraft:mangrove_slab":1,"minecraft:dirt":38,"minecraft:stone_stairs":1,"minecraft:orange_terracotta":8,"minecraft:iron_leggings":1,"minecraft:armor_stand":1,"minecraft:wheat_seeds":21,"minecraft:oak_boat":1,"minecraft:iron_ingot":7,"minecraft:beef":17,"minecraft:calcite":2,"minecraft:poppy":2,"minecraft:sugar_cane":15,"minecraft:iron_sword":1,"minecraft:oak_planks":7,"minecraft:furnace":1,"minecraft:stick":1,"minecraft:dandelion":1,"minecraft:porkchop":22,"minecraft:white_bed":3,"minecraft:red_terracotta":2,"alexsmobs:animal_dictionary":3,"minecraft:light_gray_terracotta":2,"minecraft:rotten_flesh":7,"minecraft:arrow":5,"minecraft:hay_block":3,"minecraft:white_terracotta":6,"minecraft:terracotta":20,"alexsmobs:maggot":2,"minecraft:black_wool":1,"minecraft:mutton":5,"minecraft:coal":11,"minecraft:white_wool":7,"minecraft:cobblestone":49},"minecraft:crafted":{"minecraft:cooked_beef":16,"minecraft:wooden_sword":1,"minecraft:oak_planks":48,"minecraft:crafting_table":2,"minecraft:wooden_pickaxe":1,"minecraft:furnace":1,"minecraft:shield":1,"minecraft:stick":32,"minecraft:iron_pickaxe":2,"minecraft:wooden_axe":1,"minecraft:torch":24},"minecraft:killed_by":{"minecraft:skeleton":2,"minecraft:spider":1,"minecraft:zombie":2}},"DataVersion":3120}