{"stats":{"minecraft:used":{"minecraft:calcite":1,"minecraft:birch_planks":7,"minecraft:oak_planks":1,"minecraft:stone_pickaxe":114,"minecraft:chest":1,"minecraft:wooden_pickaxe":38,"minecraft:torch":32,"minecraft:dirt":3,"minecraft:crafting_table":3,"minecraft:carrot":4,"minecraft:note_block":2,"minecraft:wooden_axe":5,"minecraft:apple":6,"minecraft:iron_pickaxe":4,"minecraft:wooden_sword":126,"minecraft:cobblestone":17,"minecraft:hay_block":2,"minecraft:furnace":1,"minecraft:cooked_porkchop":8,"alexsmobs:animal_dictionary":1,"minecraft:yellow_bed":1,"minecraft:oak_boat":1,"minecraft:cooked_beef":1},"minecraft:killed":{"minecraft:husk":3,"minecraft:pig":5,"minecraft:skeleton":9,"minecraft:zombie":1,"minecraft:chicken":4,"alexsmobs:fly":1,"minecraft:cow":5},"minecraft:mined":{"minecraft:crafting_table":2,"minecraft:torch":1,"minecraft:blast_furnace":1,"minecraft:grass_block":5,"minecraft:calcite":5,"minecraft:tall_grass":2,"minecraft:sugar_cane":3,"minecraft:oak_planks":1,"minecraft:hay_block":10,"minecraft:birch_planks":2,"minecraft:black_stained_glass":2,"minecraft:bee_nest":1,"minecraft:yellow_bed":1,"minecraft:red_wall_banner":1,"minecraft:grass":12,"minecraft:coal_ore":65,"minecraft:dirt_path":1,"minecraft:cyan_carpet":1,"minecraft:dirt":3,"minecraft:stripped_oak_log":7,"minecraft:stone":75,"minecraft:player_head":1},"minecraft:custom":{"minecraft:interact_with_smithing_table":2,"minecraft:interact_with_furnace":7,"minecraft:mob_kills":28,"minecraft:interact_with_crafting_table":17,"minecraft:open_barrel":9,"minecraft:leave_game":17,"minecraft:time_since_death":423,"minecraft:sleep_in_bed":1,"minecraft:climb_one_cm":32,"minecraft:time_since_rest":533,"minecraft:sprint_one_cm":170477,"minecraft:damage_taken":1541,"minecraft:walk_one_cm":222475,"minecraft:drop":5,"minecraft:damage_dealt":4246,"minecraft:swim_one_cm":7785,"minecraft:fly_one_cm":56973,"minecraft:open_chest":11,"minecraft:crouch_one_cm":1663,"minecraft:play_time":65515,"minecraft:sneak_time":544,"minecraft:deaths":2,"minecraft:walk_under_water_one_cm":150,"minecraft:boat_one_cm":97485,"minecraft:jump":500,"minecraft:interact_with_blast_furnace":1,"minecraft:walk_on_water_one_cm":1489,"minecraft:total_world_time":65515,"minecraft:fall_one_cm":8726},"minecraft:dropped":{"minecraft:iron_sword":1,"alexsmobs:maggot":2,"minecraft:wheat_seeds":1,"alexsmobs:animal_dictionary":1,"minecraft:wooden_pickaxe":1},"minecraft:crafted":{"minecraft:wooden_sword":3,"minecraft:oak_planks":28,"minecraft:cooked_porkchop":11,"minecraft:crafting_table":1,"minecraft:wooden_pickaxe":2,"minecraft:furnace":1,"minecraft:birch_planks":48,"minecraft:air":0,"minecraft:oak_boat":1,"minecraft:stick":8,"minecraft:leather_chestplate":1,"minecraft:stone_pickaxe":2,"minecraft:wooden_axe":1,"minecraft:stone_sword":2,"minecraft:chest":1,"minecraft:torch":40},"minecraft:picked_up":{"minecraft:stripped_oak_log":7,"minecraft:birch_log":16,"minecraft:crafting_table":2,"minecraft:feather":7,"minecraft:cooked_beef":6,"minecraft:chicken":4,"minecraft:leather":9,"minecraft:wooden_pickaxe":1,"minecraft:birch_planks":1,"minecraft:potion":1,"minecraft:yellow_bed":1,"minecraft:dirt":8,"minecraft:bone":11,"minecraft:cyan_carpet":1,"minecraft:wheat_seeds":2,"dynamictrees:birch_seed":14,"minecraft:beef":8,"minecraft:player_head":1,"minecraft:calcite":4,"minecraft:iron_pickaxe":1,"minecraft:sugar_cane":8,"minecraft:iron_sword":1,"minecraft:oak_planks":1,"minecraft:stick":39,"minecraft:torch":1,"minecraft:note_block":2,"minecraft:porkchop":11,"minecraft:red_banner":1,"minecraft:blast_furnace":1,"minecraft:white_bed":1,"alexsmobs:animal_dictionary":1,"minecraft:arrow":5,"minecraft:rotten_flesh":8,"minecraft:hay_block":11,"alexsmobs:maggot":4,"minecraft:coal":65,"minecraft:cobblestone":78},"minecraft:killed_by":{"minecraft:skeleton":1}},"DataVersion":3120}