{"stats":{"minecraft:used":{"minecraft:apple":6,"minecraft:stone_pickaxe":23,"minecraft:oak_planks":1,"minecraft:wooden_pickaxe":11,"minecraft:wooden_sword":37,"minecraft:dirt":3,"minecraft:cobblestone":2,"minecraft:crafting_table":2,"minecraft:oak_boat":1,"alexsmobs:animal_dictionary":1},"minecraft:killed":{"minecraft:pig":5,"minecraft:chicken":4,"alexsmobs:fly":1,"minecraft:cow":5},"minecraft:mined":{"minecraft:yellow_bed":1,"minecraft:crafting_table":2,"minecraft:grass":9,"minecraft:grass_block":3,"minecraft:dirt_path":1,"minecraft:dirt":2,"minecraft:stripped_oak_log":7,"minecraft:tall_grass":2,"minecraft:sugar_cane":3,"minecraft:stone":29,"minecraft:oak_planks":1},"minecraft:custom":{"minecraft:time_since_rest":26139,"minecraft:sprint_one_cm":67001,"minecraft:damage_taken":200,"minecraft:walk_one_cm":71852,"minecraft:mob_kills":15,"minecraft:drop":4,"minecraft:damage_dealt":1180,"minecraft:swim_one_cm":7785,"minecraft:interact_with_crafting_table":9,"minecraft:fly_one_cm":23896,"minecraft:open_chest":4,"minecraft:crouch_one_cm":1326,"minecraft:play_time":26139,"minecraft:sneak_time":431,"minecraft:walk_under_water_one_cm":150,"minecraft:boat_one_cm":97485,"minecraft:jump":253,"minecraft:climb_one_cm":32,"minecraft:leave_game":6,"minecraft:walk_on_water_one_cm":1489,"minecraft:time_since_death":26139,"minecraft:total_world_time":26139,"minecraft:fall_one_cm":3472},"minecraft:dropped":{"minecraft:iron_sword":1,"minecraft:wheat_seeds":1,"alexsmobs:animal_dictionary":1,"minecraft:wooden_pickaxe":1},"minecraft:crafted":{"minecraft:wooden_sword":1,"minecraft:oak_boat":1,"minecraft:oak_planks":28,"minecraft:crafting_table":1,"minecraft:stick":8,"minecraft:wooden_pickaxe":1,"minecraft:stone_pickaxe":1,"minecraft:stone_sword":1},"minecraft:picked_up":{"minecraft:stripped_oak_log":7,"minecraft:cooked_beef":6,"minecraft:crafting_table":2,"minecraft:feather":7,"minecraft:chicken":4,"minecraft:leather":9,"minecraft:wooden_pickaxe":1,"minecraft:porkchop":11,"minecraft:white_bed":1,"minecraft:yellow_bed":1,"alexsmobs:animal_dictionary":1,"minecraft:dirt":5,"minecraft:wheat_seeds":1,"minecraft:beef":8,"minecraft:iron_pickaxe":1,"alexsmobs:maggot":2,"minecraft:sugar_cane":8,"minecraft:oak_planks":1,"minecraft:iron_sword":1,"minecraft:cobblestone":26}},"DataVersion":3120}