{"stats":{"minecraft:used":{"minecraft:apple":3,"minecraft:stone_pickaxe":21,"minecraft:oak_planks":1,"minecraft:wooden_pickaxe":11,"minecraft:dirt":3,"minecraft:crafting_table":1,"alexsmobs:animal_dictionary":1},"minecraft:mined":{"minecraft:crafting_table":1,"minecraft:yellow_bed":1,"minecraft:grass":7,"minecraft:grass_block":1,"minecraft:dirt_path":1,"minecraft:dirt":2,"minecraft:stripped_oak_log":7,"minecraft:tall_grass":2,"minecraft:stone":29,"minecraft:oak_planks":1},"minecraft:custom":{"minecraft:time_since_rest":12922,"minecraft:sprint_one_cm":40853,"minecraft:damage_taken":150,"minecraft:walk_one_cm":21435,"minecraft:drop":3,"minecraft:interact_with_crafting_table":8,"minecraft:fly_one_cm":14725,"minecraft:open_chest":4,"minecraft:crouch_one_cm":516,"minecraft:play_time":12922,"minecraft:sneak_time":115,"minecraft:jump":112,"minecraft:leave_game":1,"minecraft:time_since_death":12922,"minecraft:total_world_time":12922,"minecraft:fall_one_cm":1581},"minecraft:dropped":{"minecraft:iron_sword":1,"alexsmobs:animal_dictionary":1,"minecraft:wooden_pickaxe":1},"minecraft:crafted":{"minecraft:wooden_sword":1,"minecraft:oak_planks":28,"minecraft:crafting_table":1,"minecraft:stick":8,"minecraft:wooden_pickaxe":1,"minecraft:stone_pickaxe":1,"minecraft:stone_sword":1},"minecraft:picked_up":{"minecraft:stripped_oak_log":7,"minecraft:crafting_table":1,"minecraft:wooden_pickaxe":1,"minecraft:yellow_bed":1,"alexsmobs:animal_dictionary":1,"minecraft:dirt":3,"minecraft:wheat_seeds":1,"minecraft:iron_sword":1,"minecraft:oak_planks":1,"minecraft:cobblestone":26}},"DataVersion":3120}