{"stats":{"minecraft:used":{"minecraft:calcite":1,"minecraft:oak_planks":1,"minecraft:stone_pickaxe":37,"minecraft:chest":1,"minecraft:wooden_pickaxe":14,"minecraft:torch":7,"minecraft:dirt":3,"minecraft:crafting_table":3,"minecraft:carrot":4,"minecraft:apple":6,"minecraft:iron_pickaxe":4,"minecraft:wooden_sword":85,"minecraft:cobblestone":17,"minecraft:hay_block":2,"minecraft:furnace":1,"minecraft:cooked_porkchop":4,"alexsmobs:animal_dictionary":1,"minecraft:yellow_bed":1,"minecraft:oak_boat":1,"minecraft:cooked_beef":1},"minecraft:killed":{"minecraft:pig":5,"minecraft:skeleton":6,"minecraft:chicken":4,"alexsmobs:fly":1,"minecraft:cow":5},"minecraft:mined":{"minecraft:crafting_table":2,"minecraft:blast_furnace":1,"minecraft:grass_block":3,"minecraft:calcite":4,"minecraft:tall_grass":2,"minecraft:sugar_cane":3,"minecraft:oak_planks":1,"minecraft:hay_block":10,"minecraft:bee_nest":1,"minecraft:yellow_bed":1,"minecraft:red_wall_banner":1,"minecraft:grass":11,"minecraft:coal_ore":10,"minecraft:dirt_path":1,"minecraft:dirt":2,"minecraft:stripped_oak_log":7,"minecraft:stone":34,"minecraft:player_head":1},"minecraft:custom":{"minecraft:interact_with_smithing_table":1,"minecraft:interact_with_furnace":4,"minecraft:mob_kills":20,"minecraft:interact_with_crafting_table":12,"minecraft:open_barrel":8,"minecraft:leave_game":11,"minecraft:time_since_death":3915,"minecraft:sleep_in_bed":1,"minecraft:climb_one_cm":32,"minecraft:time_since_rest":3980,"minecraft:sprint_one_cm":105631,"minecraft:damage_taken":1016,"minecraft:walk_one_cm":167276,"minecraft:drop":5,"minecraft:damage_dealt":2361,"minecraft:swim_one_cm":7785,"minecraft:fly_one_cm":38488,"minecraft:open_chest":6,"minecraft:crouch_one_cm":1663,"minecraft:play_time":44178,"minecraft:deaths":1,"minecraft:sneak_time":544,"minecraft:walk_under_water_one_cm":150,"minecraft:boat_one_cm":97485,"minecraft:jump":361,"minecraft:interact_with_blast_furnace":1,"minecraft:walk_on_water_one_cm":1489,"minecraft:total_world_time":44178,"minecraft:fall_one_cm":6123},"minecraft:dropped":{"minecraft:iron_sword":1,"alexsmobs:maggot":2,"minecraft:wheat_seeds":1,"alexsmobs:animal_dictionary":1,"minecraft:wooden_pickaxe":1},"minecraft:crafted":{"minecraft:wooden_sword":2,"minecraft:oak_planks":28,"minecraft:cooked_porkchop":7,"minecraft:crafting_table":1,"minecraft:wooden_pickaxe":1,"minecraft:furnace":1,"minecraft:air":0,"minecraft:oak_boat":1,"minecraft:stick":8,"minecraft:leather_chestplate":1,"minecraft:stone_pickaxe":1,"minecraft:stone_sword":1,"minecraft:chest":1,"minecraft:torch":8},"minecraft:picked_up":{"minecraft:stripped_oak_log":7,"minecraft:birch_log":4,"minecraft:crafting_table":2,"minecraft:feather":7,"minecraft:cooked_beef":6,"minecraft:chicken":4,"minecraft:leather":9,"minecraft:wooden_pickaxe":1,"minecraft:potion":1,"minecraft:yellow_bed":1,"minecraft:dirt":5,"minecraft:bone":8,"minecraft:wheat_seeds":1,"minecraft:beef":8,"dynamictrees:birch_seed":1,"minecraft:player_head":1,"minecraft:calcite":3,"minecraft:iron_pickaxe":1,"minecraft:sugar_cane":8,"minecraft:oak_planks":1,"minecraft:iron_sword":1,"minecraft:stick":9,"minecraft:porkchop":11,"minecraft:red_banner":1,"minecraft:blast_furnace":1,"minecraft:white_bed":1,"alexsmobs:animal_dictionary":1,"minecraft:arrow":2,"minecraft:hay_block":11,"alexsmobs:maggot":4,"minecraft:coal":12,"minecraft:cobblestone":31},"minecraft:killed_by":{"minecraft:skeleton":1}},"DataVersion":3120}