{
  "dungeons_arise:wda_root": {
    "criteria": {
      "WDA": "2024-07-24 01:17:23 +0000"
    },
    "done": true
  },
  "minecraft:adventure/root": {
    "criteria": {
      "killed_by_something": "2024-07-24 01:24:30 +0000"
    },
    "done": true
  },
  "minecraft:adventure/adventuring_time": {
    "criteria": {
      "minecraft:wooded_badlands": "2024-07-24 01:18:56 +0000",
      "minecraft:sparse_jungle": "2024-07-24 01:18:55 +0000",
      "minecraft:plains": "2024-07-24 01:17:24 +0000"
    },
    "done": false
  },
  "DataVersion": 3120
}